"State","City"
"Andhra Pradesh","Adoni"
"Andhra Pradesh","Amaravati"
"Andhra Pradesh","Anantapur"
"Andhra Pradesh","Bhimavaram"
"Andhra Pradesh","Chilakaluripet"
"Andhra Pradesh","Chittoor"
"Andhra Pradesh","Dharmavaram"
"Andhra Pradesh","Eluru"
"Andhra Pradesh","Gudivada"
"Andhra Pradesh","Guntakal"
"Andhra Pradesh","Guntur"
"Andhra Pradesh","Hindupur"
"Andhra Pradesh","Kadapa"
"Andhra Pradesh","Kadiri"
"Andhra Pradesh","Kakinada"
"Andhra Pradesh","Kurnool"
"Andhra Pradesh","Machilipatnam"
"Andhra Pradesh","Mangalagiri"
"Andhra Pradesh","Nandyal"
"Andhra Pradesh","Narasaraopet"
"Andhra Pradesh","Nellore"
"Andhra Pradesh","Ongole"
"Andhra Pradesh","Proddatur"
"Andhra Pradesh","Rajahmundry"
"Andhra Pradesh","Srikakulam"
"Andhra Pradesh","Tadepalligudem"
"Andhra Pradesh","Tadipatri"
"Andhra Pradesh","Tenali"
"Andhra Pradesh","Tirupati"
"Andhra Pradesh","Vijayawada"
"Andhra Pradesh","Visakhapatnam"
"Andhra Pradesh","Vizianagaram"
"Arunachal Pradesh","Itanagar"
"Arunachal Pradesh","Tawang"
"Arunachal Pradesh","Ziro"
"Assam","Dhuburi"
"Assam","Dibrugarh"
"Assam","Dispur"
"Assam","Guwahati"
"Assam","Jorhat"
"Assam","Nagaon"
"Assam","Silchar"
"Assam","Tezpur"
"Assam","Tinsukia"
"Bihar","Ara"
"Bihar","Begusarai"
"Bihar","Bettiah"
"Bihar","Bhagalpur"
"Bihar","Bihar Sharif"
"Bihar","Buxar"
"Bihar","Chapra"
"Bihar","Darbhanga"
"Bihar","Dehri"
"Bihar","Gaya"
"Bihar","Hajipur"
"Bihar","Katihar"
"Bihar","Motihari"
"Bihar","Munger"
"Bihar","Muzaffarpur"
"Bihar","Patna"
"Bihar","Purnia"
"Bihar","Saharsa"
"Bihar","Sasaram"
"Bihar","Siwan"
"Chhattisgarh","Ambikapur"
"Chhattisgarh","Bhilai"
"Chhattisgarh","Bilaspur"
"Chhattisgarh","Dhamtari"
"Chhattisgarh","Durg"
"Chhattisgarh","Jagdalpur"
"Chhattisgarh","Raipur"
"Chhattisgarh","Rajnandgaon"
"Goa","Madgaon"
"Goa","Mapusa"
"Goa","Margao"
"Goa","Panaji"
"Goa","Ponda"
"Goa","Vasco da Gama"
"Gujarat","Ahmedabad"
"Gujarat","Amreli"
"Gujarat","Anand"
"Gujarat","Bharuch"
"Gujarat","Bhavnagar"
"Gujarat","Bhuj"
"Gujarat","Botad"
"Gujarat","Dahod"
"Gujarat","Deesa"
"Gujarat","Gandhidham"
"Gujarat","Gandhinagar"
"Gujarat","Godhra"
"Gujarat","Gondal"
"Gujarat","Jamnagar"
"Gujarat","Jetpur"
"Gujarat","Junagadh"
"Gujarat","Kalol"
"Gujarat","Mehsana"
"Gujarat","Morbi"
"Gujarat","Nadiad"
"Gujarat","Navsari"
"Gujarat","Palanpur"
"Gujarat","Patan"
"Gujarat","Porbandar"
"Gujarat","Rajkot"
"Gujarat","Surat"
"Gujarat","Surendranagar"
"Gujarat","Vadodara"
"Gujarat","Valsad"
"Gujarat","Vapi"
"Gujarat","Veraval"
"Haryana","Ambala"
"Haryana","Bahadurgarh"
"Haryana","Bhiwani"
"Haryana","Faridabad"
"Haryana","Gurgaon"
"Haryana","Hansi"
"Haryana","Hisar"
"Haryana","Jind"
"Haryana","Kaithal"
"Haryana","Karnal"
"Haryana","Kurukshetra"
"Haryana","Palwal"
"Haryana","Panchkula"
"Haryana","Panipat"
"Haryana","Rewari"
"Haryana","Rohtak"
"Haryana","Sirsa"
"Haryana","Sonipat"
"Haryana","Yamunanagar"
"Himachal Pradesh","Dharamshala"
"Himachal Pradesh","Shimla"
"Himachal Pradesh","Solan"
"Jharkhand","Adityapur"
"Jharkhand","Bokaro Steel City"
"Jharkhand","Chaibasa"
"Jharkhand","Chakradharpur"
"Jharkhand","Chirkunda"
"Jharkhand","Deoghar"
"Jharkhand","Dhanbad"
"Jharkhand","Giridih"
"Jharkhand","Gumia"
"Jharkhand","Hazaribag"
"Jharkhand","Jamshedpur"
"Jharkhand","Lohardaga"
"Jharkhand","Madhupur"
"Jharkhand","Medininagar"
"Jharkhand","Phusro"
"Jharkhand","Ramgarh"
"Jharkhand","Ranchi"
"Jharkhand","Sahibganj"
"Jharkhand","Saunda"
"Karnataka","Bagalkote"
"Karnataka","Ballari"
"Karnataka","Belgaum"
"Karnataka","Bengaluru"
"Karnataka","Bhadravati"
"Karnataka","Bidar"
"Karnataka","Bijapur"
"Karnataka","Chikmagalur"
"Karnataka","Chitradurga"
"Karnataka","Davanagere"
"Karnataka","Dharwad"
"Karnataka","Gadag-Betageri"
"Karnataka","Gangavati"
"Karnataka","Hassan"
"Karnataka","Hospet"
"Karnataka","Hubli"
"Karnataka","Ilkal"
"Karnataka","Kalaburagi"
"Karnataka","Kolar"
"Karnataka","Mandya"
"Karnataka","Mangaluru"
"Karnataka","Mysuru"
"Karnataka","Raichur"
"Karnataka","Ranebennuru"
"Karnataka","Robertsonpet"
"Karnataka","Shivamogga"
"Karnataka","Tumakuru"
"Karnataka","Udupi"
"Kerala","Alappuzha"
"Kerala","Kochi"
"Kerala","Kollam"
"Kerala","Kozhikode"
"Kerala","Malappuram"
"Kerala","Palakkad"
"Kerala","Thiruvananthapuram"
"Kerala","Thrissur"
"Madhya Pradesh","Bhopal"
"Madhya Pradesh","Burhanpur"
"Madhya Pradesh","Chhindwara"
"Madhya Pradesh","Damoh"
"Madhya Pradesh","Dewas"
"Madhya Pradesh","Gwalior"
"Madhya Pradesh","Indore"
"Madhya Pradesh","Itarsi"
"Madhya Pradesh","Jabalpur"
"Madhya Pradesh","Katni"
"Madhya Pradesh","Khandwa"
"Madhya Pradesh","Khargone"
"Madhya Pradesh","Morena"
"Madhya Pradesh","Murwara"
"Madhya Pradesh","Nagda"
"Madhya Pradesh","Neemuch"
"Madhya Pradesh","Ratlam"
"Madhya Pradesh","Rewa"
"Madhya Pradesh","Sagar"
"Madhya Pradesh","Satna"
"Madhya Pradesh","Sehore"
"Madhya Pradesh","Singrauli"
"Madhya Pradesh","Ujjain"
"Maharashtra","Ahmednagar"
"Maharashtra","Akola"
"Maharashtra","Amravati"
"Maharashtra","Aurangabad"
"Maharashtra","Bhiwandi"
"Maharashtra","Chandrapur"
"Maharashtra","Dhule"
"Maharashtra","Ichalkaranji"
"Maharashtra","Jalgaon"
"Maharashtra","Kolhapur"
"Maharashtra","Latur"
"Maharashtra","Malegaon"
"Maharashtra","Mumbai"
"Maharashtra","Nagpur"
"Maharashtra","Nanded"
"Maharashtra","Nashik"
"Maharashtra","Navi Mumbai"
"Maharashtra","Panvel"
"Maharashtra","Parbhani"
"Maharashtra","Pune"
"Maharashtra","Sangli"
"Maharashtra","Satara"
"Maharashtra","Solapur"
"Maharashtra","Thane"
"Maharashtra","Ulhasnagar"
"Maharashtra","Vasai-Virar"
"Manipur","Imphal"
"Manipur","Kakching"
"Manipur","Lamphelpat"
"Manipur","Moirang"
"Manipur","Porompat"
"Manipur","Thoubal"
"Meghalaya","Shillong"
"Meghalaya","Tura"
"Mizoram","Aizawl"
"Mizoram","Lunglei"
"Nagaland","Dimapur"
"Nagaland","Kohima"
"Nagaland","Mokokchung"
"Nagaland","Tuensang"
"Nagaland","Wokha"
"Nagaland","Zunheboto"
"Odisha","Balasore"
"Odisha","Baripada"
"Odisha","Bhadrak"
"Odisha","Bhubaneswar"
"Odisha","Brahmapur"
"Odisha","Cuttack"
"Odisha","Puri"
"Odisha","Rourkela"
"Odisha","Sambalpur"
"Punjab","Amritsar"
"Punjab","Bathinda"
"Punjab","Hoshiarpur"
"Punjab","Jalandhar"
"Punjab","Ludhiana"
"Punjab","Moga"
"Punjab","Mohali"
"Punjab","Pathankot"
"Punjab","Patiala"
"Punjab","Phagwara"
"Rajasthan","Ajmer"
"Rajasthan","Alwar"
"Rajasthan","Banswara"
"Rajasthan","Baran"
"Rajasthan","Barmer"
"Rajasthan","Beawar"
"Rajasthan","Bharatpur"
"Rajasthan","Bhilwara"
"Rajasthan","Bhiwadi"
"Rajasthan","Bikaner"
"Rajasthan","Chittorgarh"
"Rajasthan","Churu"
"Rajasthan","Dhaulpur"
"Rajasthan","Hanumangarh"
"Rajasthan","Jaipur"
"Rajasthan","Jodhpur"
"Rajasthan","Kishangarh"
"Rajasthan","Kota"
"Rajasthan","Pali"
"Rajasthan","Sikar"
"Rajasthan","Sri Ganganagar"
"Rajasthan","Tonk"
"Rajasthan","Udaipur"
"Sikkim","Gangtok"
"Sikkim","Namchi"
"Tamil Nadu","Ambur"
"Tamil Nadu","Chennai"
"Tamil Nadu","Coimbatore"
"Tamil Nadu","Cuddalore"
"Tamil Nadu","Dindigul"
"Tamil Nadu","Erode"
"Tamil Nadu","Hosur"
"Tamil Nadu","Kanchipuram"
"Tamil Nadu","Karaikkudi"
"Tamil Nadu","Karur"
"Tamil Nadu","Kumbakonam"
"Tamil Nadu","Madurai"
"Tamil Nadu","Nagapattinam"
"Tamil Nadu","Nagercoil"
"Tamil Nadu","Neyveli"
"Tamil Nadu","Pudukkottai"
"Tamil Nadu","Rajapalayam"
"Tamil Nadu","Ranipet"
"Tamil Nadu","Salem"
"Tamil Nadu","Sivakasi"
"Tamil Nadu","Thanjavur"
"Tamil Nadu","Thoothukudi"
"Tamil Nadu","Tiruchirappalli"
"Tamil Nadu","Tirunelveli"
"Tamil Nadu","Tiruppur"
"Tamil Nadu","Tiruvannamalai"
"Tamil Nadu","Udhagamandalam"
"Tamil Nadu","Vaniyambadi"
"Tamil Nadu","Vellore"
"Telangana","Adilabad"
"Telangana","Boduppal"
"Telangana","Gadwal"
"Telangana","Hyderabad"
"Telangana","Karimnagar"
"Telangana","Khammam"
"Telangana","Mahbubnagar"
"Telangana","Miryalaguda"
"Telangana","Nalgonda"
"Telangana","Nizamabad"
"Telangana","Nizampet"
"Telangana","Ramagundam"
"Telangana","Warangal"
"Tripura","Agartala"
"Tripura","Amarpur"
"Tripura","Ambassa"
"Tripura","Belonia"
"Tripura","Bishalgarh"
"Tripura","Dharmanagar"
"Tripura","Kailashahar"
"Tripura","Kamalpur"
"Tripura","Khowai"
"Tripura","Kumarghat"
"Tripura","Melaghar"
"Tripura","Mohanpur"
"Tripura","Ranirbazar"
"Tripura","Sabroom"
"Tripura","Santirbazar"
"Tripura","Sonamura"
"Tripura","Teliamura"
"Tripura","Udaipur"
"Uttar Pradesh","Agra"
"Uttar Pradesh","Aligarh"
"Uttar Pradesh","Allahabad"
"Uttar Pradesh","Amroha"
"Uttar Pradesh","Ayodhya"
"Uttar Pradesh","Azamgarh"
"Uttar Pradesh","Bahraich"
"Uttar Pradesh","Ballia"
"Uttar Pradesh","Banda"
"Uttar Pradesh","Barabanki"
"Uttar Pradesh","Baraut"
"Uttar Pradesh","Bareilly"
"Uttar Pradesh","Basti"
"Uttar Pradesh","Budaun"
"Uttar Pradesh","Bulandshahr"
"Uttar Pradesh","Chandausi"
"Uttar Pradesh","Deoria"
"Uttar Pradesh","Etah"
"Uttar Pradesh","Etawah"
"Uttar Pradesh","Faizabad"
"Uttar Pradesh","Farrukhabad"
"Uttar Pradesh","Fatehpur"
"Uttar Pradesh","Firozabad"
"Uttar Pradesh","Ghaziabad"
"Uttar Pradesh","Ghazipur"
"Uttar Pradesh","Gonda"
"Uttar Pradesh","Gorakhpur"
"Uttar Pradesh","Greater Noida"
"Uttar Pradesh","Hapur"
"Uttar Pradesh","Hardoi"
"Uttar Pradesh","Jaunpur"
"Uttar Pradesh","Jhansi"
"Uttar Pradesh","Kanpur"
"Uttar Pradesh","Kasganj"
"Uttar Pradesh","Khurja"
"Uttar Pradesh","Lakhimpur"
"Uttar Pradesh","Lalitpur"
"Uttar Pradesh","Lucknow"
"Uttar Pradesh","Mainpuri"
"Uttar Pradesh","Mathura"
"Uttar Pradesh","Mau"
"Uttar Pradesh","Meerut"
"Uttar Pradesh","Mirzapur"
"Uttar Pradesh","Modinagar"
"Uttar Pradesh","Moradabad"
"Uttar Pradesh","Muzaffarnagar"
"Uttar Pradesh","Noida"
"Uttar Pradesh","Orai"
"Uttar Pradesh","Pilibhit"
"Uttar Pradesh","Prayagraj"
"Uttar Pradesh","Raebareli"
"Uttar Pradesh","Rampur"
"Uttar Pradesh","Saharanpur"
"Uttar Pradesh","Sambhal"
"Uttar Pradesh","Shahjahanpur"
"Uttar Pradesh","Shamli"
"Uttar Pradesh","Shikohabad"
"Uttar Pradesh","Sitapur"
"Uttar Pradesh","Sultanpur"
"Uttar Pradesh","Unnao"
"Uttar Pradesh","Varanasi"
"Uttarakhand","Dehradun"
"Uttarakhand","Haldwani"
"Uttarakhand","Haridwar"
"Uttarakhand","Kashipur"
"Uttarakhand","Rishikesh"
"Uttarakhand","Roorkee"
"Uttarakhand","Rudrapur"
"West Bengal","Alipurduar"
"West Bengal","Asansol"
"West Bengal","Baduria"
"West Bengal","Baidyabati"
"West Bengal","Balurghat"
"West Bengal","Bangaon"
"West Bengal","Bankura"
"West Bengal","Bansberia"
"West Bengal","Baranagar"
"West Bengal","Barasat"
"West Bengal","Bardhaman"
"West Bengal","Barrackpore"
"West Bengal","Basirhat"
"West Bengal","Berhampore"
"West Bengal","Bhadreswar"
"West Bengal","Bishnupur"
"West Bengal","Bolpur"
"West Bengal","Buniadpur"
"West Bengal","Champdani"
"West Bengal","Chandannagar"
"West Bengal","Contai"
"West Bengal","Coch Behar"
"West Bengal","Dalkhola"
"West Bengal","Darjeeling"
"West Bengal","Dhupguri"
"West Bengal","Diamond Harbour"
"West Bengal","Dinhata"
"West Bengal","Dubrajpur"
"West Bengal","Dum Dum"
"West Bengal","Durgapur"
"West Bengal","Haldia"
"West Bengal","Howrah"
"West Bengal","Jalpaiguri"
"West Bengal","Jaynagar Majilpur"
"West Bengal","Kaliaganj"
"West Bengal","Kamarhati"
"West Bengal","Kanchrapara"
"West Bengal","Kharagpur"
"West Bengal","Khardaha"
"West Bengal","Khirpai"
"West Bengal","Kolkata"
"West Bengal","Krishnanagar"
"West Bengal","Malda"
"West Bengal","Murshidabad"
"West Bengal","Purulia"
"West Bengal","Raiganj"
"West Bengal","Shantipur"
"West Bengal","Siliguri"
"Andaman and Nicobar Islands","Port Blair"
"Chandigarh","Chandigarh"
"Dadra and Nagar Haveli and Daman and Diu","Daman"
"Delhi","New Delhi"
"Jammu and Kashmir","Srinagar"
"Jammu and Kashmir","Jammu"
"Ladakh","Leh"
"Lakshadweep","Kavaratti"
"Puducherry","Puducherry"
